{
  "rules/common.smk": 1776229828.7350008,
  "rules/preprocessing/run_red_masking.smk": 1776173289.5398169,
  "rules/preprocessing/prepare_genome.smk": 1776001475.2132304,
  "rules/preprocessing/run_masking.smk": 1776002314.8333023,
  "rules/preprocessing/merge_proteins.smk": 1776001475.2132304,
  "rules/postprocessing/collect_results.smk": 1776188408.9014616,
  "rules/postprocessing/normalize_cds.smk": 1776006730.4816794,
  "rules/postprocessing/fix_in_frame_stop_codons.smk": 1776187379.1113737,
  "rules/postprocessing/convert_to_gff3.smk": 1775994877.8636668,
  "rules/postprocessing/filter_stop_codons.smk": 1776006730.4426794,
  "rules/postprocessing/run_fantasia.smk": 1776009175.9088883,
  "rules/postprocessing/redundancy_removal.smk": 1776006998.2997024,
  "rules/postprocessing/postprocess_augustus.smk": 1776006971.1257,
  "rules/ncrna/merge_ncrna.smk": 1776108499.8623502,
  "rules/ncrna/run_barrnap.smk": 1776108534.122353,
  "rules/ncrna/run_infernal.smk": 1776109245.0784137,
  "rules/ncrna/run_trnascan.smk": 1776108299.870333,
  "rules/augustus_training/convert_to_genbank.smk": 1776001475.1982305,
  "rules/augustus_training/filter_genes_etraining.smk": 1776001475.1992304,
  "rules/augustus_training/optimize_augustus.smk": 1776058512.876104,
  "rules/augustus_training/create_new_species.smk": 1776001475.1962304,
  "rules/augustus_training/copy_augustus_config.smk": 1776003399.0873947,
  "rules/augustus_training/train_augustus.smk": 1776001475.2012303,
  "rules/augustus_training/split_training_set.smk": 1776001475.2012303,
  "rules/augustus_training/compute_flanking_region.smk": 1776001475.1972303,
  "rules/augustus_training/downsample_training_genes.smk": 1776006639.6386716,
  "rules/augustus_predict/run_augustus_hints.smk": 1776243127.7721252,
  "rules/quality_control/run_omark.smk": 1776236551.7405753,
  "rules/quality_control/run_busco.smk": 1776188793.3484945,
  "rules/quality_control/run_gffcompare.smk": 1776007296.6707277,
  "rules/quality_control/cleanup.smk": 1775993991.533591,
  "rules/quality_control/run_compleasm.smk": 1776186475.0662963,
  "rules/quality_control/gene_support.smk": 1776001475.2142303,
  "rules/miniprot/run_minisplice.smk": 1776153161.2720766,
  "rules/miniprot/run_miniprot.smk": 1776174551.8880882,
  "rules/miniprot/generate_hints.smk": 1776001475.2122304,
  "scripts/filter_gtf_by_txid.py": 1776000664.208161,
  "scripts/completeness_plot.py": 1775993991.534591,
  "scripts/generate_report.py": 1776188423.7434628,
  "scripts/training_summary.py": 1775997838.0919197,
  "scripts/fantasia_decorate_gff3.py": 1776009156.6038868,
  "scripts/compleasm_to_hints.py": 1776000685.088163,
  "scripts/infernal_to_gff3.py": 1776108256.9013293,
  "scripts/filter_gtf_by_diamond_against_ref.py": 1776000648.1401598,
  "scripts/analyze_hint_support.py": 1775993991.534591,
  "scripts/get_longest_isoform.py": 1776002129.2312863,
  "scripts/gene_support_summary.py": 1775993991.534591,
  "scripts/parseTrfOutput.py": 1775993991.534591,
  "scripts/normalize_gtf.py": 1775993991.534591,
  "scripts/generate_galba_hints.py": 1775996354.0847929,
  "scripts/gtf_sanity_check.py": 1776000648.0611596,
  "scripts/gene_set_statistics.py": 1775997919.3719265,
  "scripts/fix_in_frame_stop_codon_genes.py": 1775993991.534591,
  "scripts/getAnnoFastaFromJoingenes.py": 1775997299.7368736,
  "scripts/fantasia_summary.py": 1776009156.6048868,
  "README.md": 1776276041.1219094,
  "requirements.txt": 1776242643.6030838,
  "MIGRATING_FROM_GALBA.md": 1776006871.8146915,
  "img/logo.png": 1776095530.1850832,
  "img/pipeline_overview.svg": 1776166744.4112575,
  "img/pipeline_overview.png": 1776166744.3062575,
  "img/friends.png": 1776106425.5301728
}